{"cameraMode":{"drawMode":0,"name":"Shaded","section":"Shading Mode"},"sceneLighting":false,"audioPlay":false,"sceneViewState":{"showFog":true,"showMaterialUpdate":true,"showSkybox":false,"showFlares":true,"showImageEffects":true,"showParticleSystems":true},"in2DMode":false,"pivot":{"x":57.83506774902344,"y":0.05557811260223389,"z":-4.778663635253906},"rotation":{"x":-0.0836198478937149,"y":0.0815274640917778,"z":-0.006864688824862242,"w":-0.9931333661079407},"size":8.855103492736817,"orthographic":true}