{"cameraMode":{"drawMode":0,"name":"Shaded","section":"Shading Mode"},"sceneLighting":false,"audioPlay":false,"sceneViewState":{"showFog":true,"showMaterialUpdate":true,"showSkybox":false,"showFlares":true,"showImageEffects":true,"showParticleSystems":true},"in2DMode":false,"pivot":{"x":7.152557373046875e-7,"y":1.3883038759231568,"z":2.384185791015625e-7},"rotation":{"x":0.1167343407869339,"y":0.0005876906216144562,"z":-0.000070481255534105,"w":0.9931630492210388},"size":5.65863037109375,"orthographic":true}