{"cameraMode":{"drawMode":0,"name":"Shaded","section":"Shading Mode"},"sceneLighting":false,"audioPlay":false,"sceneViewState":{"showFog":true,"showMaterialUpdate":true,"showSkybox":false,"showFlares":true,"showImageEffects":true,"showParticleSystems":true},"in2DMode":false,"pivot":{"x":0.0,"y":-0.027835257351398469,"z":-0.05924779921770096},"rotation":{"x":-0.11165358871221543,"y":0.6651033759117127,"z":-0.10154111683368683,"w":-0.731341540813446},"size":0.24371162056922913,"orthographic":true}