{"cameraMode":{"drawMode":0,"name":"Shaded","section":"Shading Mode"},"sceneLighting":false,"audioPlay":false,"sceneViewState":{"showFog":true,"showMaterialUpdate":true,"showSkybox":false,"showFlares":true,"showImageEffects":true,"showParticleSystems":true},"in2DMode":false,"pivot":{"x":-0.025005340576171876,"y":1.309505581855774,"z":-0.006440937519073486},"rotation":{"x":0.1167343407869339,"y":0.0005876906216144562,"z":-0.000070481255534105,"w":0.9931630492210388},"size":5.4215087890625,"orthographic":true}