{"cameraMode":{"drawMode":0,"name":"Shaded","section":"Shading Mode"},"sceneLighting":false,"audioPlay":false,"sceneViewState":{"showFog":true,"showMaterialUpdate":true,"showSkybox":false,"showFlares":true,"showImageEffects":true,"showParticleSystems":true},"in2DMode":false,"pivot":{"x":0.29959070682525637,"y":3.9598755836486818,"z":0.05028414726257324},"rotation":{"x":0.1167343407869339,"y":0.0005876906216144562,"z":-0.000070481255534105,"w":0.9931630492210388},"size":14.105864524841309,"orthographic":true}