{"cameraMode":{"drawMode":0,"name":"Shaded","section":"Shading Mode"},"sceneLighting":false,"audioPlay":false,"sceneViewState":{"showFog":true,"showMaterialUpdate":true,"showSkybox":false,"showFlares":true,"showImageEffects":true,"showParticleSystems":true},"in2DMode":false,"pivot":{"x":-0.025005340576171876,"y":1.309505581855774,"z":-0.006440937519073486},"rotation":{"x":-0.12289450317621231,"y":0.14239272475242616,"z":-0.01781882718205452,"w":-0.9819896817207336},"size":5.4215087890625,"orthographic":true}