{"cameraMode":{"drawMode":0,"name":"Shaded","section":"Shading Mode"},"sceneLighting":false,"audioPlay":false,"sceneViewState":{"showFog":true,"showMaterialUpdate":true,"showSkybox":false,"showFlares":true,"showImageEffects":true,"showParticleSystems":true},"in2DMode":false,"pivot":{"x":0.0,"y":1.1247444152832032,"z":0.19093012809753419},"rotation":{"x":-0.002998389769345522,"y":-0.01740681380033493,"z":-0.000053592764743370935,"w":0.9998440742492676},"size":10.469493865966797,"orthographic":true}