{"cameraMode":{"drawMode":0,"name":"Shaded","section":"Shading Mode"},"sceneLighting":false,"audioPlay":false,"sceneViewState":{"showFog":true,"showMaterialUpdate":true,"showSkybox":false,"showFlares":true,"showImageEffects":true,"showParticleSystems":true},"in2DMode":false,"pivot":{"x":-0.017995476722717286,"y":0.4411650598049164,"z":0.028833210468292238},"rotation":{"x":0.1167343407869339,"y":0.0005876906216144562,"z":-0.000070481255534105,"w":0.9931630492210388},"size":2.9026825428009035,"orthographic":true}